path_name,scene_id,start_time,end_time
demolition.mp4,1,00:00:00.000,00:00:01.867
demolition.mp4,2,00:00:01.867,00:00:26.300
demolition.mp4,3,00:00:26.300,00:00:41.667
demolition.mp4,4,00:00:41.667,00:01:05.900
demolition.mp4,5,00:01:05.900,00:01:12.967
demolition.mp4,6,00:01:12.967,00:01:14.967
demolition.mp4,7,00:01:14.967,00:01:17.200
demolition.mp4,8,00:01:17.200,00:01:26.633
demolition.mp4,9,00:01:26.633,00:01:36.100
demolition.mp4,10,00:01:36.100,00:01:45.633
demolition.mp4,11,00:01:45.633,00:01:47.333
demolition.mp4,12,00:01:47.333,00:01:50.267
demolition.mp4,13,00:01:50.267,00:02:14.333
demolition.mp4,14,00:02:14.333,00:02:16.300
demolition.mp4,15,00:02:16.300,00:02:20.733
demolition.mp4,16,00:02:20.733,00:02:22.667
demolition.mp4,17,00:02:22.667,00:02:26.633
demolition.mp4,18,00:02:26.633,00:02:28.567
demolition.mp4,19,00:02:28.567,00:02:32.133
demolition.mp4,20,00:02:32.133,00:02:35.033
demolition.mp4,21,00:02:35.033,00:02:36.800
demolition.mp4,22,00:02:36.800,00:02:37.900
demolition.mp4,23,00:02:37.900,00:02:39.233
demolition.mp4,24,00:02:39.233,00:02:46.067
demolition.mp4,25,00:02:46.067,00:02:48.400
demolition.mp4,26,00:02:48.400,00:02:51.667
demolition.mp4,27,00:02:51.667,00:02:54.100
demolition.mp4,28,00:02:54.100,00:02:57.367
demolition.mp4,29,00:02:57.367,00:03:00.500
demolition.mp4,30,00:03:00.500,00:03:03.633
demolition.mp4,31,00:03:03.633,00:03:10.700
demolition.mp4,32,00:03:10.700,00:03:22.700
demolition.mp4,33,00:03:22.700,00:03:27.200
demolition.mp4,34,00:03:27.200,00:03:37.700
demolition.mp4,35,00:03:37.700,00:03:39.000
demolition.mp4,36,00:03:39.000,00:03:43.767
demolition.mp4,37,00:03:43.767,00:03:46.333
demolition.mp4,38,00:03:46.333,00:03:49.000
demolition.mp4,39,00:03:49.000,00:04:03.333
demolition.mp4,40,00:04:03.333,00:04:06.600
demolition.mp4,41,00:04:06.600,00:04:09.033
demolition.mp4,42,00:04:09.033,00:04:13.200
demolition.mp4,43,00:04:13.200,00:04:15.500
demolition.mp4,44,00:04:15.500,00:04:18.333
demolition.mp4,45,00:04:18.333,00:04:21.833
demolition.mp4,46,00:04:21.833,00:04:27.433
demolition.mp4,47,00:04:27.433,00:04:29.500
demolition.mp4,48,00:04:29.500,00:04:32.633
demolition.mp4,49,00:04:32.633,00:04:38.800
demolition.mp4,50,00:04:38.800,00:04:42.267
demolition.mp4,51,00:04:42.267,00:04:50.200
demolition.mp4,52,00:04:50.200,00:04:55.567
demolition.mp4,53,00:04:55.567,00:04:57.667
demolition.mp4,54,00:04:57.667,00:04:59.200
demolition.mp4,55,00:04:59.200,00:05:02.033
demolition.mp4,56,00:05:02.033,00:05:05.133
demolition.mp4,57,00:05:05.133,00:05:12.000
demolition.mp4,58,00:05:12.000,00:05:16.267
demolition.mp4,59,00:05:16.267,00:05:16.933
demolition.mp4,60,00:05:16.933,00:05:23.767
demolition.mp4,61,00:05:23.767,00:05:28.833
demolition.mp4,62,00:05:28.833,00:05:33.300
demolition.mp4,63,00:05:33.300,00:05:35.900
demolition.mp4,64,00:05:35.900,00:05:38.633
demolition.mp4,65,00:05:38.633,00:05:41.500
demolition.mp4,66,00:05:41.500,00:05:44.000
demolition.mp4,67,00:05:44.000,00:05:48.133
demolition.mp4,68,00:05:48.133,00:05:56.300
demolition.mp4,69,00:05:56.300,00:06:00.233
demolition.mp4,70,00:06:00.233,00:06:02.700
demolition.mp4,71,00:06:02.700,00:06:06.200
demolition.mp4,72,00:06:06.200,00:06:09.000
demolition.mp4,73,00:06:09.000,00:06:13.567
demolition.mp4,74,00:06:13.567,00:06:19.600
demolition.mp4,75,00:06:19.600,00:06:21.033
demolition.mp4,76,00:06:21.033,00:06:24.000
demolition.mp4,77,00:06:24.000,00:06:25.967
demolition.mp4,78,00:06:25.967,00:06:29.767
demolition.mp4,79,00:06:29.767,00:06:36.100
demolition.mp4,80,00:06:36.100,00:06:39.133
demolition.mp4,81,00:06:39.133,00:06:41.700
demolition.mp4,82,00:06:41.700,00:06:44.100
demolition.mp4,83,00:06:44.100,00:06:47.333
demolition.mp4,84,00:06:47.333,00:06:49.033
demolition.mp4,85,00:06:49.033,00:06:51.800
demolition.mp4,86,00:06:51.800,00:06:57.700
demolition.mp4,87,00:06:57.700,00:07:03.267
demolition.mp4,88,00:07:03.267,00:07:09.067
demolition.mp4,89,00:07:09.067,00:07:14.067
demolition.mp4,90,00:07:14.067,00:07:16.100
demolition.mp4,91,00:07:16.100,00:07:17.100
demolition.mp4,92,00:07:17.100,00:07:18.200
demolition.mp4,93,00:07:18.200,00:07:19.800
demolition.mp4,94,00:07:19.800,00:07:23.367
demolition.mp4,95,00:07:23.367,00:07:25.500
demolition.mp4,96,00:07:25.500,00:07:27.000
demolition.mp4,97,00:07:27.000,00:07:28.233
demolition.mp4,98,00:07:28.233,00:07:29.167
demolition.mp4,99,00:07:29.167,00:07:30.367
demolition.mp4,100,00:07:30.367,00:07:31.500
demolition.mp4,101,00:07:31.500,00:07:35.467
demolition.mp4,102,00:07:35.467,00:07:38.400
demolition.mp4,103,00:07:38.400,00:07:40.500
demolition.mp4,104,00:07:40.500,00:07:41.600
demolition.mp4,105,00:07:41.600,00:07:43.433
demolition.mp4,106,00:07:43.433,00:07:44.800
demolition.mp4,107,00:07:44.800,00:07:46.000
demolition.mp4,108,00:07:46.000,00:07:47.200
demolition.mp4,109,00:07:47.200,00:07:49.000
demolition.mp4,110,00:07:49.000,00:07:52.733
demolition.mp4,111,00:07:52.733,00:07:56.967
demolition.mp4,112,00:07:56.967,00:07:59.267
demolition.mp4,113,00:07:59.267,00:08:00.900
demolition.mp4,114,00:08:00.900,00:08:04.367
demolition.mp4,115,00:08:04.367,00:08:06.733
demolition.mp4,116,00:08:06.733,00:08:10.567
demolition.mp4,117,00:08:10.567,00:08:12.533
demolition.mp4,118,00:08:12.533,00:08:18.867
demolition.mp4,119,00:08:18.867,00:08:20.967
demolition.mp4,120,00:08:20.967,00:08:22.700
demolition.mp4,121,00:08:22.700,00:08:24.700
demolition.mp4,122,00:08:24.700,00:08:25.967
demolition.mp4,123,00:08:25.967,00:08:26.933
demolition.mp4,124,00:08:26.933,00:08:32.567
demolition.mp4,125,00:08:32.567,00:08:34.667
demolition.mp4,126,00:08:34.667,00:08:36.000
demolition.mp4,127,00:08:36.000,00:08:37.933
demolition.mp4,128,00:08:37.933,00:08:40.033
demolition.mp4,129,00:08:40.033,00:08:41.633
demolition.mp4,130,00:08:41.633,00:08:43.700
demolition.mp4,131,00:08:43.700,00:08:45.700
demolition.mp4,132,00:08:45.700,00:08:47.367
demolition.mp4,133,00:08:47.367,00:08:49.000
demolition.mp4,134,00:08:49.000,00:08:49.667
demolition.mp4,135,00:08:49.667,00:08:50.700
demolition.mp4,136,00:08:50.700,00:08:52.433
demolition.mp4,137,00:08:52.433,00:08:54.033
demolition.mp4,138,00:08:54.033,00:08:55.733
demolition.mp4,139,00:08:55.733,00:08:57.167
demolition.mp4,140,00:08:57.167,00:08:58.633
demolition.mp4,141,00:08:58.633,00:09:02.133
demolition.mp4,142,00:09:02.133,00:09:03.967
demolition.mp4,143,00:09:03.967,00:09:07.800
demolition.mp4,144,00:09:07.800,00:09:09.100
demolition.mp4,145,00:09:09.100,00:09:10.633
demolition.mp4,146,00:09:10.633,00:09:12.000
demolition.mp4,147,00:09:12.000,00:09:13.400
demolition.mp4,148,00:09:13.400,00:09:15.233
demolition.mp4,149,00:09:15.233,00:09:18.100
demolition.mp4,150,00:09:18.100,00:09:20.600
demolition.mp4,151,00:09:20.600,00:09:23.267
demolition.mp4,152,00:09:23.267,00:09:25.100
demolition.mp4,153,00:09:25.100,00:09:26.867
demolition.mp4,154,00:09:26.867,00:09:28.200
demolition.mp4,155,00:09:28.200,00:09:29.100
demolition.mp4,156,00:09:29.100,00:09:30.700
demolition.mp4,157,00:09:30.700,00:09:35.033
demolition.mp4,158,00:09:35.033,00:09:37.567
demolition.mp4,159,00:09:37.567,00:09:39.833
demolition.mp4,160,00:09:39.833,00:09:40.833
demolition.mp4,161,00:09:40.833,00:09:42.700
demolition.mp4,162,00:09:42.700,00:09:43.267
demolition.mp4,163,00:09:43.267,00:09:44.500
demolition.mp4,164,00:09:44.500,00:09:46.000
demolition.mp4,165,00:09:46.000,00:09:47.600
demolition.mp4,166,00:09:47.600,00:09:48.333
demolition.mp4,167,00:09:48.333,00:09:50.100
demolition.mp4,168,00:09:50.100,00:09:51.067
demolition.mp4,169,00:09:51.067,00:09:52.233
demolition.mp4,170,00:09:52.233,00:09:53.300
demolition.mp4,171,00:09:53.300,00:09:54.833
demolition.mp4,172,00:09:54.833,00:09:56.933
demolition.mp4,173,00:09:56.933,00:09:58.933
demolition.mp4,174,00:09:58.933,00:10:02.900
demolition.mp4,175,00:10:02.900,00:10:05.800
demolition.mp4,176,00:10:05.800,00:10:11.433
demolition.mp4,177,00:10:11.433,00:10:14.067
demolition.mp4,178,00:10:14.067,00:10:15.867
demolition.mp4,179,00:10:15.867,00:10:17.633
demolition.mp4,180,00:10:17.633,00:10:25.200
demolition.mp4,181,00:10:25.200,00:10:28.433
demolition.mp4,182,00:10:28.433,00:10:31.033
demolition.mp4,183,00:10:31.033,00:10:34.667
demolition.mp4,184,00:10:34.667,00:10:35.733
demolition.mp4,185,00:10:35.733,00:10:38.400
demolition.mp4,186,00:10:38.400,00:10:47.433
demolition.mp4,187,00:10:47.433,00:10:50.167
demolition.mp4,188,00:10:50.167,00:10:51.067
demolition.mp4,189,00:10:51.067,00:10:54.733
demolition.mp4,190,00:10:54.733,00:10:58.167
demolition.mp4,191,00:10:58.167,00:11:02.533
demolition.mp4,192,00:11:02.533,00:11:12.567
demolition.mp4,193,00:11:12.567,00:11:13.900
demolition.mp4,194,00:11:13.900,00:11:16.767
demolition.mp4,195,00:11:16.767,00:11:19.233
demolition.mp4,196,00:11:19.233,00:11:23.700
demolition.mp4,197,00:11:23.700,00:11:28.100
demolition.mp4,198,00:11:28.100,00:11:29.200
demolition.mp4,199,00:11:29.200,00:11:33.033
demolition.mp4,200,00:11:33.033,00:11:35.567
demolition.mp4,201,00:11:35.567,00:11:45.767
demolition.mp4,202,00:11:45.767,00:11:47.033
demolition.mp4,203,00:11:47.033,00:11:57.233
demolition.mp4,204,00:11:57.233,00:12:00.067
demolition.mp4,205,00:12:00.067,00:12:02.100
demolition.mp4,206,00:12:02.100,00:12:03.467
demolition.mp4,207,00:12:03.467,00:12:05.867
demolition.mp4,208,00:12:05.867,00:12:17.367
demolition.mp4,209,00:12:17.367,00:12:29.000
demolition.mp4,210,00:12:29.000,00:12:34.267
demolition.mp4,211,00:12:34.267,00:12:37.133
demolition.mp4,212,00:12:37.133,00:12:39.000
demolition.mp4,213,00:12:39.000,00:12:41.700
demolition.mp4,214,00:12:41.700,00:12:46.600
demolition.mp4,215,00:12:46.600,00:12:52.467
demolition.mp4,216,00:12:52.467,00:12:59.067
demolition.mp4,217,00:12:59.067,00:13:02.100
demolition.mp4,218,00:13:02.100,00:13:03.900
demolition.mp4,219,00:13:03.900,00:13:09.000
demolition.mp4,220,00:13:09.000,00:13:10.500
demolition.mp4,221,00:13:10.500,00:13:16.667
demolition.mp4,222,00:13:16.667,00:13:20.300
demolition.mp4,223,00:13:20.300,00:13:25.133
demolition.mp4,224,00:13:25.133,00:13:27.600
demolition.mp4,225,00:13:27.600,00:13:33.167
demolition.mp4,226,00:13:33.167,00:13:39.567
demolition.mp4,227,00:13:39.567,00:13:43.267
demolition.mp4,228,00:13:43.267,00:13:45.967
demolition.mp4,229,00:13:45.967,00:13:48.767
demolition.mp4,230,00:13:48.767,00:14:00.833
demolition.mp4,231,00:14:00.833,00:14:04.200
demolition.mp4,232,00:14:04.200,00:14:17.833
demolition.mp4,233,00:14:17.833,00:14:20.900
demolition.mp4,234,00:14:20.900,00:14:29.167
demolition.mp4,235,00:14:29.167,00:14:31.867
demolition.mp4,236,00:14:31.867,00:14:44.533
demolition.mp4,237,00:14:44.533,00:14:48.833
demolition.mp4,238,00:14:48.833,00:14:53.800
demolition.mp4,239,00:14:53.800,00:14:57.600
demolition.mp4,240,00:14:57.600,00:15:02.733
demolition.mp4,241,00:15:02.733,00:15:05.033
demolition.mp4,242,00:15:05.033,00:15:09.633
demolition.mp4,243,00:15:09.633,00:15:12.700
demolition.mp4,244,00:15:12.700,00:15:16.367
demolition.mp4,245,00:15:16.367,00:15:22.200
demolition.mp4,246,00:15:22.200,00:15:26.667
demolition.mp4,247,00:15:26.667,00:15:29.267
demolition.mp4,248,00:15:29.267,00:15:30.867
demolition.mp4,249,00:15:30.867,00:15:32.800
demolition.mp4,250,00:15:32.800,00:15:34.900
demolition.mp4,251,00:15:34.900,00:15:36.100
demolition.mp4,252,00:15:36.100,00:15:38.567
demolition.mp4,253,00:15:38.567,00:15:40.600
demolition.mp4,254,00:15:40.600,00:15:42.733
demolition.mp4,255,00:15:42.733,00:15:45.367
demolition.mp4,256,00:15:45.367,00:15:47.400
demolition.mp4,257,00:15:47.400,00:15:51.933
demolition.mp4,258,00:15:51.933,00:15:53.167
demolition.mp4,259,00:15:53.167,00:15:54.500
demolition.mp4,260,00:15:54.500,00:15:56.867
demolition.mp4,261,00:15:56.867,00:15:58.433
demolition.mp4,262,00:15:58.433,00:16:00.733
demolition.mp4,263,00:16:00.733,00:16:01.900
demolition.mp4,264,00:16:01.900,00:16:02.833
demolition.mp4,265,00:16:02.833,00:16:05.133
demolition.mp4,266,00:16:05.133,00:16:07.100
demolition.mp4,267,00:16:07.100,00:16:08.300
demolition.mp4,268,00:16:08.300,00:16:09.367
demolition.mp4,269,00:16:09.367,00:16:15.267
demolition.mp4,270,00:16:15.267,00:16:19.900
demolition.mp4,271,00:16:19.900,00:16:29.267
demolition.mp4,272,00:16:29.267,00:16:31.467
demolition.mp4,273,00:16:31.467,00:16:33.500
demolition.mp4,274,00:16:33.500,00:16:35.733
demolition.mp4,275,00:16:35.733,00:16:39.400
demolition.mp4,276,00:16:39.400,00:16:41.400
demolition.mp4,277,00:16:41.400,00:16:46.900
demolition.mp4,278,00:16:46.900,00:16:49.300
demolition.mp4,279,00:16:49.300,00:16:51.700
demolition.mp4,280,00:16:51.700,00:16:54.467
demolition.mp4,281,00:16:54.467,00:16:56.167
demolition.mp4,282,00:16:56.167,00:16:58.600
demolition.mp4,283,00:16:58.600,00:17:00.233
demolition.mp4,284,00:17:00.233,00:17:01.400
demolition.mp4,285,00:17:01.400,00:17:03.600
demolition.mp4,286,00:17:03.600,00:17:07.733
demolition.mp4,287,00:17:07.733,00:17:12.833
demolition.mp4,288,00:17:12.833,00:17:16.733
demolition.mp4,289,00:17:16.733,00:17:23.467
demolition.mp4,290,00:17:23.467,00:17:26.133
demolition.mp4,291,00:17:26.133,00:17:29.333
demolition.mp4,292,00:17:29.333,00:17:33.200
demolition.mp4,293,00:17:33.200,00:17:39.900
demolition.mp4,294,00:17:39.900,00:17:43.233
demolition.mp4,295,00:17:43.233,00:17:46.633
demolition.mp4,296,00:17:46.633,00:17:53.300
demolition.mp4,297,00:17:53.300,00:17:56.400
demolition.mp4,298,00:17:56.400,00:18:06.567
demolition.mp4,299,00:18:06.567,00:18:10.433
demolition.mp4,300,00:18:10.433,00:18:13.300
demolition.mp4,301,00:18:13.300,00:18:14.833
demolition.mp4,302,00:18:14.833,00:18:21.667
demolition.mp4,303,00:18:21.667,00:18:25.133
demolition.mp4,304,00:18:25.133,00:18:28.933
demolition.mp4,305,00:18:28.933,00:18:32.133
demolition.mp4,306,00:18:32.133,00:18:39.233
demolition.mp4,307,00:18:39.233,00:18:41.100
demolition.mp4,308,00:18:41.100,00:18:44.833
demolition.mp4,309,00:18:44.833,00:18:58.633
demolition.mp4,310,00:18:58.633,00:19:02.900
demolition.mp4,311,00:19:02.900,00:19:04.900
demolition.mp4,312,00:19:04.900,00:19:05.733
demolition.mp4,313,00:19:05.733,00:19:06.600
demolition.mp4,314,00:19:06.600,00:19:09.067
demolition.mp4,315,00:19:09.067,00:19:11.267
demolition.mp4,316,00:19:11.267,00:19:14.633
demolition.mp4,317,00:19:14.633,00:19:21.567
demolition.mp4,318,00:19:21.567,00:19:23.133
demolition.mp4,319,00:19:23.133,00:19:23.900
demolition.mp4,320,00:19:23.900,00:19:26.400
demolition.mp4,321,00:19:26.400,00:19:28.300
demolition.mp4,322,00:19:28.300,00:19:29.633
demolition.mp4,323,00:19:29.633,00:19:33.200
demolition.mp4,324,00:19:33.200,00:19:36.433
demolition.mp4,325,00:19:36.433,00:19:38.600
demolition.mp4,326,00:19:38.600,00:19:42.233
demolition.mp4,327,00:19:42.233,00:19:43.933
demolition.mp4,328,00:19:43.933,00:19:46.167
demolition.mp4,329,00:19:46.167,00:19:48.300
demolition.mp4,330,00:19:48.300,00:19:49.133
demolition.mp4,331,00:19:49.133,00:19:50.700
demolition.mp4,332,00:19:50.700,00:19:52.133
demolition.mp4,333,00:19:52.133,00:19:53.467
demolition.mp4,334,00:19:53.467,00:19:54.733
demolition.mp4,335,00:19:54.733,00:19:56.067
demolition.mp4,336,00:19:56.067,00:19:57.267
demolition.mp4,337,00:19:57.267,00:19:58.933
demolition.mp4,338,00:19:58.933,00:20:00.200
demolition.mp4,339,00:20:00.200,00:20:01.667
demolition.mp4,340,00:20:01.667,00:20:03.333
demolition.mp4,341,00:20:03.333,00:20:04.567
demolition.mp4,342,00:20:04.567,00:20:06.867
demolition.mp4,343,00:20:06.867,00:20:08.533
demolition.mp4,344,00:20:08.533,00:20:09.867
demolition.mp4,345,00:20:09.867,00:20:11.533
demolition.mp4,346,00:20:11.533,00:20:13.000
demolition.mp4,347,00:20:13.000,00:20:14.867
demolition.mp4,348,00:20:14.867,00:20:15.967
demolition.mp4,349,00:20:15.967,00:20:17.600
demolition.mp4,350,00:20:17.600,00:20:24.833
demolition.mp4,351,00:20:24.833,00:20:26.067
demolition.mp4,352,00:20:26.067,00:20:28.767
demolition.mp4,353,00:20:28.767,00:20:30.200
demolition.mp4,354,00:20:30.200,00:20:31.200
demolition.mp4,355,00:20:31.200,00:20:32.967
demolition.mp4,356,00:20:32.967,00:20:34.867
demolition.mp4,357,00:20:34.867,00:20:35.933
demolition.mp4,358,00:20:35.933,00:20:36.467
demolition.mp4,359,00:20:36.467,00:20:38.200
demolition.mp4,360,00:20:38.200,00:20:41.667
demolition.mp4,361,00:20:41.667,00:20:45.000
demolition.mp4,362,00:20:45.000,00:20:47.033
demolition.mp4,363,00:20:47.033,00:20:50.533
demolition.mp4,364,00:20:50.533,00:20:52.133
demolition.mp4,365,00:20:52.133,00:20:54.300
demolition.mp4,366,00:20:54.300,00:20:56.333
demolition.mp4,367,00:20:56.333,00:20:59.600
demolition.mp4,368,00:20:59.600,00:21:02.667
demolition.mp4,369,00:21:02.667,00:21:07.567
demolition.mp4,370,00:21:07.567,00:21:09.567
demolition.mp4,371,00:21:09.567,00:21:12.433
demolition.mp4,372,00:21:12.433,00:21:14.733
demolition.mp4,373,00:21:14.733,00:21:17.233
demolition.mp4,374,00:21:17.233,00:21:20.033
demolition.mp4,375,00:21:20.033,00:21:24.033
demolition.mp4,376,00:21:24.033,00:21:27.233
demolition.mp4,377,00:21:27.233,00:21:29.067
demolition.mp4,378,00:21:29.067,00:21:30.133
demolition.mp4,379,00:21:30.133,00:21:39.833
demolition.mp4,380,00:21:39.833,00:21:42.467
demolition.mp4,381,00:21:42.467,00:21:44.500
demolition.mp4,382,00:21:44.500,00:21:53.900
demolition.mp4,383,00:21:53.900,00:21:57.067
demolition.mp4,384,00:21:57.067,00:21:59.267
demolition.mp4,385,00:21:59.267,00:22:01.333
demolition.mp4,386,00:22:01.333,00:22:02.367
demolition.mp4,387,00:22:02.367,00:22:09.533
demolition.mp4,388,00:22:09.533,00:22:16.633
demolition.mp4,389,00:22:16.633,00:22:19.367
demolition.mp4,390,00:22:19.367,00:22:21.200
demolition.mp4,391,00:22:21.200,00:22:24.567
demolition.mp4,392,00:22:24.567,00:22:25.767
demolition.mp4,393,00:22:25.767,00:22:31.500
demolition.mp4,394,00:22:31.500,00:22:33.367
demolition.mp4,395,00:22:33.367,00:22:35.100
demolition.mp4,396,00:22:35.100,00:22:37.900
demolition.mp4,397,00:22:37.900,00:22:39.533
demolition.mp4,398,00:22:39.533,00:22:40.733
demolition.mp4,399,00:22:40.733,00:22:41.900
demolition.mp4,400,00:22:41.900,00:22:43.000
demolition.mp4,401,00:22:43.000,00:22:43.933
demolition.mp4,402,00:22:43.933,00:22:52.800
demolition.mp4,403,00:22:52.800,00:22:55.633
demolition.mp4,404,00:22:55.633,00:22:57.967
demolition.mp4,405,00:22:57.967,00:23:00.133
demolition.mp4,406,00:23:00.133,00:23:05.633
demolition.mp4,407,00:23:05.633,00:23:15.633
demolition.mp4,408,00:23:15.633,00:23:20.400
demolition.mp4,409,00:23:20.400,00:23:28.833
demolition.mp4,410,00:23:28.833,00:23:43.333
demolition.mp4,411,00:23:43.333,00:23:45.433
demolition.mp4,412,00:23:45.433,00:24:15.900
demolition.mp4,413,00:24:15.900,00:24:23.033
demolition.mp4,414,00:24:23.033,00:24:44.700
demolition.mp4,415,00:24:44.700,00:24:46.700
demolition.mp4,416,00:24:46.700,00:24:49.700
demolition.mp4,417,00:24:49.700,00:24:55.200
demolition.mp4,418,00:24:55.200,00:25:01.533
demolition.mp4,419,00:25:01.533,00:25:08.067
demolition.mp4,420,00:25:08.067,00:25:12.300
demolition.mp4,421,00:25:12.300,00:25:16.100
demolition.mp4,422,00:25:16.100,00:25:18.067
demolition.mp4,423,00:25:18.067,00:25:20.433
demolition.mp4,424,00:25:20.433,00:25:22.433
demolition.mp4,425,00:25:22.433,00:25:29.900
demolition.mp4,426,00:25:29.900,00:25:35.333
demolition.mp4,427,00:25:35.333,00:25:37.667
demolition.mp4,428,00:25:37.667,00:25:58.600
demolition.mp4,429,00:25:58.600,00:25:59.133
demolition.mp4,430,00:25:59.133,00:25:59.767
demolition.mp4,431,00:25:59.767,00:26:14.800
demolition.mp4,432,00:26:14.800,00:26:18.033
demolition.mp4,433,00:26:18.033,00:26:19.567
demolition.mp4,434,00:26:19.567,00:26:22.900
demolition.mp4,435,00:26:22.900,00:26:24.667
demolition.mp4,436,00:26:24.667,00:26:26.033
demolition.mp4,437,00:26:26.033,00:26:28.333
demolition.mp4,438,00:26:28.333,00:26:31.700
demolition.mp4,439,00:26:31.700,00:26:35.133
demolition.mp4,440,00:26:35.133,00:26:40.833
demolition.mp4,441,00:26:40.833,00:26:43.367
demolition.mp4,442,00:26:43.367,00:26:45.733
demolition.mp4,443,00:26:45.733,00:26:48.067
demolition.mp4,444,00:26:48.067,00:26:52.467
demolition.mp4,445,00:26:52.467,00:26:56.733
demolition.mp4,446,00:26:56.733,00:26:59.900
demolition.mp4,447,00:26:59.900,00:27:02.767
demolition.mp4,448,00:27:02.767,00:27:07.200
demolition.mp4,449,00:27:07.200,00:27:13.333
demolition.mp4,450,00:27:13.333,00:27:15.133
demolition.mp4,451,00:27:15.133,00:27:24.000
demolition.mp4,452,00:27:24.000,00:27:32.433
demolition.mp4,453,00:27:32.433,00:27:46.033
demolition.mp4,454,00:27:46.033,00:27:56.967
demolition.mp4,455,00:27:56.967,00:28:00.967
demolition.mp4,456,00:28:00.967,00:28:07.833
demolition.mp4,457,00:28:07.833,00:28:11.000
demolition.mp4,458,00:28:11.000,00:28:17.800
demolition.mp4,459,00:28:17.800,00:28:24.433
demolition.mp4,460,00:28:24.433,00:28:26.767
demolition.mp4,461,00:28:26.767,00:28:29.400
demolition.mp4,462,00:28:29.400,00:28:31.300
demolition.mp4,463,00:28:31.300,00:28:36.200
demolition.mp4,464,00:28:36.200,00:28:38.300
demolition.mp4,465,00:28:38.300,00:28:46.167
demolition.mp4,466,00:28:46.167,00:28:49.100
demolition.mp4,467,00:28:49.100,00:28:51.667
demolition.mp4,468,00:28:51.667,00:28:53.533
demolition.mp4,469,00:28:53.533,00:28:54.933
demolition.mp4,470,00:28:54.933,00:29:00.533
demolition.mp4,471,00:29:00.533,00:29:06.567
demolition.mp4,472,00:29:06.567,00:29:14.233
demolition.mp4,473,00:29:14.233,00:29:18.967
demolition.mp4,474,00:29:18.967,00:29:20.800
demolition.mp4,475,00:29:20.800,00:29:22.500
demolition.mp4,476,00:29:22.500,00:29:23.833
demolition.mp4,477,00:29:23.833,00:29:26.967
demolition.mp4,478,00:29:26.967,00:29:29.300
demolition.mp4,479,00:29:29.300,00:29:31.433
demolition.mp4,480,00:29:31.433,00:29:33.500
demolition.mp4,481,00:29:33.500,00:29:35.200
demolition.mp4,482,00:29:35.200,00:29:36.867
demolition.mp4,483,00:29:36.867,00:29:39.067
demolition.mp4,484,00:29:39.067,00:29:41.033
demolition.mp4,485,00:29:41.033,00:29:44.767
demolition.mp4,486,00:29:44.767,00:29:48.533
demolition.mp4,487,00:29:48.533,00:29:52.033
demolition.mp4,488,00:29:52.033,00:29:54.133
demolition.mp4,489,00:29:54.133,00:29:56.167
demolition.mp4,490,00:29:56.167,00:29:59.667
demolition.mp4,491,00:29:59.667,00:30:01.467
demolition.mp4,492,00:30:01.467,00:30:05.433
demolition.mp4,493,00:30:05.433,00:30:09.733
demolition.mp4,494,00:30:09.733,00:30:13.467
demolition.mp4,495,00:30:13.467,00:30:17.300
demolition.mp4,496,00:30:17.300,00:30:20.200
demolition.mp4,497,00:30:20.200,00:30:23.033
demolition.mp4,498,00:30:23.033,00:30:28.400
demolition.mp4,499,00:30:28.400,00:30:32.133
demolition.mp4,500,00:30:32.133,00:30:44.633
demolition.mp4,501,00:30:44.633,00:30:50.633
demolition.mp4,502,00:30:50.633,00:30:53.000
demolition.mp4,503,00:30:53.000,00:30:56.767
demolition.mp4,504,00:30:56.767,00:30:58.767
demolition.mp4,505,00:30:58.767,00:31:00.367
demolition.mp4,506,00:31:00.367,00:31:01.633
demolition.mp4,507,00:31:01.633,00:31:07.600
demolition.mp4,508,00:31:07.600,00:31:13.167
demolition.mp4,509,00:31:13.167,00:31:17.367
demolition.mp4,510,00:31:17.367,00:31:19.333
demolition.mp4,511,00:31:19.333,00:31:21.267
demolition.mp4,512,00:31:21.267,00:31:21.967
demolition.mp4,513,00:31:21.967,00:31:24.800
demolition.mp4,514,00:31:24.800,00:31:27.300
demolition.mp4,515,00:31:27.300,00:31:30.833
demolition.mp4,516,00:31:30.833,00:31:34.967
demolition.mp4,517,00:31:34.967,00:31:37.800
demolition.mp4,518,00:31:37.800,00:31:42.600
demolition.mp4,519,00:31:42.600,00:31:44.200
demolition.mp4,520,00:31:44.200,00:31:44.867
demolition.mp4,521,00:31:44.867,00:31:51.667
demolition.mp4,522,00:31:51.667,00:31:56.967
demolition.mp4,523,00:31:56.967,00:32:00.667
demolition.mp4,524,00:32:00.667,00:32:42.167
demolition.mp4,525,00:32:42.167,00:32:48.367
demolition.mp4,526,00:32:48.367,00:32:50.767
demolition.mp4,527,00:32:50.767,00:32:53.800
demolition.mp4,528,00:32:53.800,00:32:55.833
demolition.mp4,529,00:32:55.833,00:32:58.567
demolition.mp4,530,00:32:58.567,00:33:02.400
demolition.mp4,531,00:33:02.400,00:33:04.300
demolition.mp4,532,00:33:04.300,00:33:08.833
demolition.mp4,533,00:33:08.833,00:33:12.267
demolition.mp4,534,00:33:12.267,00:33:15.500
demolition.mp4,535,00:33:15.500,00:33:17.400
demolition.mp4,536,00:33:17.400,00:33:19.867
demolition.mp4,537,00:33:19.867,00:33:31.600
demolition.mp4,538,00:33:31.600,00:33:36.167
demolition.mp4,539,00:33:36.167,00:33:45.767
demolition.mp4,540,00:33:45.767,00:33:49.933
demolition.mp4,541,00:33:49.933,00:33:58.367
demolition.mp4,542,00:33:58.367,00:34:00.633
demolition.mp4,543,00:34:00.633,00:34:07.333
demolition.mp4,544,00:34:07.333,00:34:14.133
demolition.mp4,545,00:34:14.133,00:34:22.733
demolition.mp4,546,00:34:22.733,00:34:25.233
demolition.mp4,547,00:34:25.233,00:34:31.100
demolition.mp4,548,00:34:31.100,00:34:34.367
demolition.mp4,549,00:34:34.367,00:34:36.367
demolition.mp4,550,00:34:36.367,00:34:41.000
demolition.mp4,551,00:34:41.000,00:34:43.167
demolition.mp4,552,00:34:43.167,00:34:45.333
demolition.mp4,553,00:34:45.333,00:34:47.933
demolition.mp4,554,00:34:47.933,00:34:51.467
demolition.mp4,555,00:34:51.467,00:34:53.833
demolition.mp4,556,00:34:53.833,00:34:55.667
demolition.mp4,557,00:34:55.667,00:34:59.733
demolition.mp4,558,00:34:59.733,00:35:02.800
demolition.mp4,559,00:35:02.800,00:35:08.433
demolition.mp4,560,00:35:08.433,00:35:12.167
demolition.mp4,561,00:35:12.167,00:35:17.167
demolition.mp4,562,00:35:17.167,00:35:21.567
demolition.mp4,563,00:35:21.567,00:35:26.833
demolition.mp4,564,00:35:26.833,00:35:39.767
demolition.mp4,565,00:35:39.767,00:35:41.967
demolition.mp4,566,00:35:41.967,00:35:48.633
demolition.mp4,567,00:35:48.633,00:36:00.833
demolition.mp4,568,00:36:00.833,00:36:04.467
demolition.mp4,569,00:36:04.467,00:36:11.933
demolition.mp4,570,00:36:11.933,00:36:16.233
demolition.mp4,571,00:36:16.233,00:36:19.900
demolition.mp4,572,00:36:19.900,00:36:22.433
demolition.mp4,573,00:36:22.433,00:36:26.267
demolition.mp4,574,00:36:26.267,00:36:31.200
demolition.mp4,575,00:36:31.200,00:36:34.533
demolition.mp4,576,00:36:34.533,00:36:36.833
demolition.mp4,577,00:36:36.833,00:36:38.833
demolition.mp4,578,00:36:38.833,00:36:44.500
demolition.mp4,579,00:36:44.500,00:36:53.833
demolition.mp4,580,00:36:53.833,00:36:56.500
demolition.mp4,581,00:36:56.500,00:37:12.500
demolition.mp4,582,00:37:12.500,00:37:19.833
demolition.mp4,583,00:37:19.833,00:37:31.533
demolition.mp4,584,00:37:31.533,00:37:38.233
demolition.mp4,585,00:37:38.233,00:37:45.133
demolition.mp4,586,00:37:45.133,00:37:49.867
demolition.mp4,587,00:37:49.867,00:37:58.433
demolition.mp4,588,00:37:58.433,00:38:03.167
demolition.mp4,589,00:38:03.167,00:38:06.967
demolition.mp4,590,00:38:06.967,00:38:08.667
demolition.mp4,591,00:38:08.667,00:38:12.867
demolition.mp4,592,00:38:12.867,00:38:15.000
demolition.mp4,593,00:38:15.000,00:38:16.533
demolition.mp4,594,00:38:16.533,00:38:18.733
demolition.mp4,595,00:38:18.733,00:38:20.567
demolition.mp4,596,00:38:20.567,00:38:22.133
demolition.mp4,597,00:38:22.133,00:38:23.633
demolition.mp4,598,00:38:23.633,00:38:31.067
demolition.mp4,599,00:38:31.067,00:38:32.433
demolition.mp4,600,00:38:32.433,00:38:43.700
demolition.mp4,601,00:38:43.700,00:38:48.667
demolition.mp4,602,00:38:48.667,00:38:58.900
demolition.mp4,603,00:38:58.900,00:39:05.767
demolition.mp4,604,00:39:05.767,00:39:10.767
demolition.mp4,605,00:39:10.767,00:39:13.467
demolition.mp4,606,00:39:13.467,00:39:21.100
demolition.mp4,607,00:39:21.100,00:39:27.200
demolition.mp4,608,00:39:27.200,00:39:32.533
demolition.mp4,609,00:39:32.533,00:39:34.633
demolition.mp4,610,00:39:34.633,00:39:40.600
demolition.mp4,611,00:39:40.600,00:39:43.733
demolition.mp4,612,00:39:43.733,00:39:46.133
demolition.mp4,613,00:39:46.133,00:39:50.733
demolition.mp4,614,00:39:50.733,00:39:54.700
demolition.mp4,615,00:39:54.700,00:39:57.933
demolition.mp4,616,00:39:57.933,00:40:15.467
demolition.mp4,617,00:40:15.467,00:40:16.733
demolition.mp4,618,00:40:16.733,00:40:18.533
demolition.mp4,619,00:40:18.533,00:40:20.333
demolition.mp4,620,00:40:20.333,00:40:21.733
demolition.mp4,621,00:40:21.733,00:40:23.800
demolition.mp4,622,00:40:23.800,00:40:26.233
demolition.mp4,623,00:40:26.233,00:40:26.933
demolition.mp4,624,00:40:26.933,00:40:31.800
demolition.mp4,625,00:40:31.800,00:40:33.600
demolition.mp4,626,00:40:33.600,00:40:41.333
demolition.mp4,627,00:40:41.333,00:40:45.967
demolition.mp4,628,00:40:45.967,00:40:52.733
demolition.mp4,629,00:40:52.733,00:40:56.100
demolition.mp4,630,00:40:56.100,00:41:04.233
demolition.mp4,631,00:41:04.233,00:41:07.400
demolition.mp4,632,00:41:07.400,00:41:10.033
demolition.mp4,633,00:41:10.033,00:41:11.933
demolition.mp4,634,00:41:11.933,00:41:27.633
demolition.mp4,635,00:41:27.633,00:41:30.100
demolition.mp4,636,00:41:30.100,00:41:32.633
demolition.mp4,637,00:41:32.633,00:41:37.267
demolition.mp4,638,00:41:37.267,00:41:39.067
demolition.mp4,639,00:41:39.067,00:41:40.367
demolition.mp4,640,00:41:40.367,00:41:42.700
demolition.mp4,641,00:41:42.700,00:41:53.600
demolition.mp4,642,00:41:53.600,00:41:55.267
demolition.mp4,643,00:41:55.267,00:42:01.500
demolition.mp4,644,00:42:01.500,00:42:04.067
demolition.mp4,645,00:42:04.067,00:42:06.567
demolition.mp4,646,00:42:06.567,00:42:07.900
demolition.mp4,647,00:42:07.900,00:42:14.767
demolition.mp4,648,00:42:14.767,00:42:18.700
demolition.mp4,649,00:42:18.700,00:42:21.167
demolition.mp4,650,00:42:21.167,00:42:34.500
demolition.mp4,651,00:42:34.500,00:42:36.133
demolition.mp4,652,00:42:36.133,00:42:37.800
demolition.mp4,653,00:42:37.800,00:42:42.133
demolition.mp4,654,00:42:42.133,00:42:44.300
demolition.mp4,655,00:42:44.300,00:42:50.533
demolition.mp4,656,00:42:50.533,00:42:52.933
demolition.mp4,657,00:42:52.933,00:42:55.967
demolition.mp4,658,00:42:55.967,00:42:58.367
demolition.mp4,659,00:42:58.367,00:43:00.000
demolition.mp4,660,00:43:00.000,00:43:03.100
demolition.mp4,661,00:43:03.100,00:43:09.567
demolition.mp4,662,00:43:09.567,00:43:13.433
demolition.mp4,663,00:43:13.433,00:43:17.933
demolition.mp4,664,00:43:17.933,00:43:20.100
demolition.mp4,665,00:43:20.100,00:43:24.000
demolition.mp4,666,00:43:24.000,00:43:26.667
demolition.mp4,667,00:43:26.667,00:43:31.100
demolition.mp4,668,00:43:31.100,00:43:33.300
demolition.mp4,669,00:43:33.300,00:43:36.367
demolition.mp4,670,00:43:36.367,00:43:39.767
demolition.mp4,671,00:43:39.767,00:43:50.033
demolition.mp4,672,00:43:50.033,00:43:55.967
demolition.mp4,673,00:43:55.967,00:43:58.767
demolition.mp4,674,00:43:58.767,00:44:00.833
demolition.mp4,675,00:44:00.833,00:44:02.333
demolition.mp4,676,00:44:02.333,00:44:04.567
demolition.mp4,677,00:44:04.567,00:44:06.767
demolition.mp4,678,00:44:06.767,00:44:10.800
demolition.mp4,679,00:44:10.800,00:44:17.067
demolition.mp4,680,00:44:17.067,00:44:25.700
demolition.mp4,681,00:44:25.700,00:44:29.067
demolition.mp4,682,00:44:29.067,00:44:31.867
demolition.mp4,683,00:44:31.867,00:44:35.867
demolition.mp4,684,00:44:35.867,00:44:42.200
demolition.mp4,685,00:44:42.200,00:44:45.767
demolition.mp4,686,00:44:45.767,00:44:48.267
demolition.mp4,687,00:44:48.267,00:44:49.933
demolition.mp4,688,00:44:49.933,00:44:51.933
demolition.mp4,689,00:44:51.933,00:44:56.133
demolition.mp4,690,00:44:56.133,00:45:08.333
demolition.mp4,691,00:45:08.333,00:45:11.200
demolition.mp4,692,00:45:11.200,00:45:13.000
demolition.mp4,693,00:45:13.000,00:45:15.000
demolition.mp4,694,00:45:15.000,00:45:21.767
demolition.mp4,695,00:45:21.767,00:45:23.633
demolition.mp4,696,00:45:23.633,00:45:25.667
demolition.mp4,697,00:45:25.667,00:45:42.433
demolition.mp4,698,00:45:42.433,00:45:46.200
demolition.mp4,699,00:45:46.200,00:45:48.700
demolition.mp4,700,00:45:48.700,00:45:54.400
demolition.mp4,701,00:45:54.400,00:46:07.333
demolition.mp4,702,00:46:07.333,00:46:16.067
demolition.mp4,703,00:46:16.067,00:46:19.467
demolition.mp4,704,00:46:19.467,00:46:24.200
demolition.mp4,705,00:46:24.200,00:46:26.767
demolition.mp4,706,00:46:26.767,00:46:31.333
demolition.mp4,707,00:46:31.333,00:46:34.067
demolition.mp4,708,00:46:34.067,00:46:37.133
demolition.mp4,709,00:46:37.133,00:46:47.133
demolition.mp4,710,00:46:47.133,00:46:50.900
demolition.mp4,711,00:46:50.900,00:46:53.633
demolition.mp4,712,00:46:53.633,00:46:56.367
demolition.mp4,713,00:46:56.367,00:46:59.633
demolition.mp4,714,00:46:59.633,00:47:03.100
demolition.mp4,715,00:47:03.100,00:47:04.733
demolition.mp4,716,00:47:04.733,00:47:09.867
demolition.mp4,717,00:47:09.867,00:47:13.067
demolition.mp4,718,00:47:13.067,00:47:18.033
demolition.mp4,719,00:47:18.033,00:47:20.167
demolition.mp4,720,00:47:20.167,00:47:23.300
demolition.mp4,721,00:47:23.300,00:47:27.800
demolition.mp4,722,00:47:27.800,00:47:31.133
demolition.mp4,723,00:47:31.133,00:47:33.167
demolition.mp4,724,00:47:33.167,00:47:35.533
demolition.mp4,725,00:47:35.533,00:47:38.033
demolition.mp4,726,00:47:38.033,00:47:43.200
demolition.mp4,727,00:47:43.200,00:47:47.200
demolition.mp4,728,00:47:47.200,00:47:51.667
demolition.mp4,729,00:47:51.667,00:47:54.400
demolition.mp4,730,00:47:54.400,00:47:58.500
demolition.mp4,731,00:47:58.500,00:48:00.433
demolition.mp4,732,00:48:00.433,00:48:01.767
demolition.mp4,733,00:48:01.767,00:48:02.367
demolition.mp4,734,00:48:02.367,00:48:06.500
demolition.mp4,735,00:48:06.500,00:48:11.500
demolition.mp4,736,00:48:11.500,00:48:14.267
demolition.mp4,737,00:48:14.267,00:48:16.467
demolition.mp4,738,00:48:16.467,00:48:18.400
demolition.mp4,739,00:48:18.400,00:48:22.433
demolition.mp4,740,00:48:22.433,00:48:25.833
demolition.mp4,741,00:48:25.833,00:48:28.067
demolition.mp4,742,00:48:28.067,00:48:30.733
demolition.mp4,743,00:48:30.733,00:48:32.567
demolition.mp4,744,00:48:32.567,00:48:35.667
demolition.mp4,745,00:48:35.667,00:48:41.000
demolition.mp4,746,00:48:41.000,00:48:45.333
demolition.mp4,747,00:48:45.333,00:48:49.600
demolition.mp4,748,00:48:49.600,00:48:53.600
demolition.mp4,749,00:48:53.600,00:48:56.800
demolition.mp4,750,00:48:56.800,00:48:59.700
demolition.mp4,751,00:48:59.700,00:49:01.733
demolition.mp4,752,00:49:01.733,00:49:04.767
demolition.mp4,753,00:49:04.767,00:49:10.567
demolition.mp4,754,00:49:10.567,00:49:12.033
demolition.mp4,755,00:49:12.033,00:49:15.300
demolition.mp4,756,00:49:15.300,00:49:20.633
demolition.mp4,757,00:49:20.633,00:49:22.600
demolition.mp4,758,00:49:22.600,00:49:24.667
demolition.mp4,759,00:49:24.667,00:49:27.000
demolition.mp4,760,00:49:27.000,00:49:29.600
demolition.mp4,761,00:49:29.600,00:49:33.567
demolition.mp4,762,00:49:33.567,00:49:36.967
demolition.mp4,763,00:49:36.967,00:49:41.467
demolition.mp4,764,00:49:41.467,00:49:45.700
demolition.mp4,765,00:49:45.700,00:49:53.233
demolition.mp4,766,00:49:53.233,00:49:59.033
demolition.mp4,767,00:49:59.033,00:50:00.633
demolition.mp4,768,00:50:00.633,00:50:03.867
demolition.mp4,769,00:50:03.867,00:50:08.667
demolition.mp4,770,00:50:08.667,00:50:11.600
demolition.mp4,771,00:50:11.600,00:50:14.567
demolition.mp4,772,00:50:14.567,00:50:18.533
demolition.mp4,773,00:50:18.533,00:50:20.900
demolition.mp4,774,00:50:20.900,00:50:23.067
demolition.mp4,775,00:50:23.067,00:50:24.867
demolition.mp4,776,00:50:24.867,00:50:27.033
demolition.mp4,777,00:50:27.033,00:50:32.067
demolition.mp4,778,00:50:32.067,00:50:47.600
demolition.mp4,779,00:50:47.600,00:50:53.600
demolition.mp4,780,00:50:53.600,00:51:09.533
demolition.mp4,781,00:51:09.533,00:51:14.233
demolition.mp4,782,00:51:14.233,00:51:16.700
demolition.mp4,783,00:51:16.700,00:51:25.367
demolition.mp4,784,00:51:25.367,00:51:28.833
demolition.mp4,785,00:51:28.833,00:51:32.633
demolition.mp4,786,00:51:32.633,00:51:34.900
demolition.mp4,787,00:51:34.900,00:51:38.133
demolition.mp4,788,00:51:38.133,00:51:40.200
demolition.mp4,789,00:51:40.200,00:51:42.933
demolition.mp4,790,00:51:42.933,00:52:35.500
demolition.mp4,791,00:52:35.500,00:52:40.800
demolition.mp4,792,00:52:40.800,00:52:48.000
demolition.mp4,793,00:52:48.000,00:52:54.267
demolition.mp4,794,00:52:54.267,00:52:57.100
demolition.mp4,795,00:52:57.100,00:53:00.333
demolition.mp4,796,00:53:00.333,00:53:07.567
demolition.mp4,797,00:53:07.567,00:53:12.033
demolition.mp4,798,00:53:12.033,00:53:15.667
demolition.mp4,799,00:53:15.667,00:53:18.167
demolition.mp4,800,00:53:18.167,00:53:21.667
demolition.mp4,801,00:53:21.667,00:53:24.500
demolition.mp4,802,00:53:24.500,00:53:26.800
demolition.mp4,803,00:53:26.800,00:53:29.133
demolition.mp4,804,00:53:29.133,00:53:33.033
demolition.mp4,805,00:53:33.033,00:53:35.267
demolition.mp4,806,00:53:35.267,00:53:37.900
demolition.mp4,807,00:53:37.900,00:53:39.500
demolition.mp4,808,00:53:39.500,00:53:56.700
demolition.mp4,809,00:53:56.700,00:53:59.700
demolition.mp4,810,00:53:59.700,00:54:04.967
demolition.mp4,811,00:54:04.967,00:54:11.867
demolition.mp4,812,00:54:11.867,00:54:13.867
demolition.mp4,813,00:54:13.867,00:54:20.833
demolition.mp4,814,00:54:20.833,00:54:25.100
demolition.mp4,815,00:54:25.100,00:54:30.100
demolition.mp4,816,00:54:30.100,00:54:38.500
demolition.mp4,817,00:54:38.500,00:54:42.300
demolition.mp4,818,00:54:42.300,00:54:44.867
demolition.mp4,819,00:54:44.867,00:54:51.500
demolition.mp4,820,00:54:51.500,00:54:53.733
demolition.mp4,821,00:54:53.733,00:55:02.567
demolition.mp4,822,00:55:02.567,00:55:07.867
demolition.mp4,823,00:55:07.867,00:55:17.767
demolition.mp4,824,00:55:17.767,00:55:20.933
demolition.mp4,825,00:55:20.933,00:55:43.800
demolition.mp4,826,00:55:43.800,00:55:46.167
demolition.mp4,827,00:55:46.167,00:55:53.033
demolition.mp4,828,00:55:53.033,00:55:57.500
demolition.mp4,829,00:55:57.500,00:56:00.167
demolition.mp4,830,00:56:00.167,00:56:03.800
demolition.mp4,831,00:56:03.800,00:56:05.467
demolition.mp4,832,00:56:05.467,00:56:16.600
demolition.mp4,833,00:56:16.600,00:56:19.633
demolition.mp4,834,00:56:19.633,00:56:23.333
demolition.mp4,835,00:56:23.333,00:56:26.133
demolition.mp4,836,00:56:26.133,00:56:37.667
demolition.mp4,837,00:56:37.667,00:56:41.300
demolition.mp4,838,00:56:41.300,00:56:43.967
demolition.mp4,839,00:56:43.967,00:56:55.167
demolition.mp4,840,00:56:55.167,00:56:57.667
demolition.mp4,841,00:56:57.667,00:57:07.800
demolition.mp4,842,00:57:07.800,00:57:13.167
demolition.mp4,843,00:57:13.167,00:57:16.067
demolition.mp4,844,00:57:16.067,00:57:18.633
demolition.mp4,845,00:57:18.633,00:57:19.967
demolition.mp4,846,00:57:19.967,00:57:25.467
demolition.mp4,847,00:57:25.467,00:57:31.033
demolition.mp4,848,00:57:31.033,00:57:39.667
demolition.mp4,849,00:57:39.667,00:57:48.700
demolition.mp4,850,00:57:48.700,00:57:53.033
demolition.mp4,851,00:57:53.033,00:58:00.967
demolition.mp4,852,00:58:00.967,00:58:04.533
demolition.mp4,853,00:58:04.533,00:58:25.833
demolition.mp4,854,00:58:25.833,00:58:30.500
demolition.mp4,855,00:58:30.500,00:58:33.133
demolition.mp4,856,00:58:33.133,00:58:39.000
demolition.mp4,857,00:58:39.000,00:58:43.900
demolition.mp4,858,00:58:43.900,00:58:58.367
demolition.mp4,859,00:58:58.367,00:59:13.367
demolition.mp4,860,00:59:13.367,00:59:16.267
demolition.mp4,861,00:59:16.267,00:59:21.900
demolition.mp4,862,00:59:21.900,00:59:27.567
demolition.mp4,863,00:59:27.567,00:59:29.233
demolition.mp4,864,00:59:29.233,00:59:30.100
demolition.mp4,865,00:59:30.100,00:59:31.300
demolition.mp4,866,00:59:31.300,00:59:32.200
demolition.mp4,867,00:59:32.200,00:59:35.100
demolition.mp4,868,00:59:35.100,00:59:36.767
demolition.mp4,869,00:59:36.767,00:59:37.733
demolition.mp4,870,00:59:37.733,00:59:44.567
demolition.mp4,871,00:59:44.567,01:00:00.167
demolition.mp4,872,01:00:00.167,01:00:02.967
demolition.mp4,873,01:00:02.967,01:00:05.900
demolition.mp4,874,01:00:05.900,01:00:09.133
demolition.mp4,875,01:00:09.133,01:00:15.733
demolition.mp4,876,01:00:15.733,01:00:17.867
demolition.mp4,877,01:00:17.867,01:00:22.167
demolition.mp4,878,01:00:22.167,01:00:24.833
demolition.mp4,879,01:00:24.833,01:00:28.133
demolition.mp4,880,01:00:28.133,01:00:30.400
demolition.mp4,881,01:00:30.400,01:00:46.233
demolition.mp4,882,01:00:46.233,01:00:49.300
demolition.mp4,883,01:00:49.300,01:00:51.867
demolition.mp4,884,01:00:51.867,01:00:55.233
demolition.mp4,885,01:00:55.233,01:00:58.600
demolition.mp4,886,01:00:58.600,01:01:02.233
demolition.mp4,887,01:01:02.233,01:01:10.667
demolition.mp4,888,01:01:10.667,01:01:12.600
demolition.mp4,889,01:01:12.600,01:01:14.367
demolition.mp4,890,01:01:14.367,01:01:31.900
demolition.mp4,891,01:01:31.900,01:01:38.433
demolition.mp4,892,01:01:38.433,01:01:49.567
demolition.mp4,893,01:01:49.567,01:01:53.067
demolition.mp4,894,01:01:53.067,01:02:06.267
demolition.mp4,895,01:02:06.267,01:02:10.400
demolition.mp4,896,01:02:10.400,01:02:14.900
demolition.mp4,897,01:02:14.900,01:02:37.800
demolition.mp4,898,01:02:37.800,01:03:10.000
demolition.mp4,899,01:03:10.000,01:03:11.067
demolition.mp4,900,01:03:11.067,01:03:11.733
demolition.mp4,901,01:03:11.733,01:03:13.233
demolition.mp4,902,01:03:13.233,01:03:14.333
demolition.mp4,903,01:03:14.333,01:03:15.667
demolition.mp4,904,01:03:15.667,01:03:17.433
demolition.mp4,905,01:03:17.433,01:03:24.600
demolition.mp4,906,01:03:24.600,01:03:28.433
demolition.mp4,907,01:03:28.433,01:03:32.267
demolition.mp4,908,01:03:32.267,01:03:33.267
demolition.mp4,909,01:03:33.267,01:03:34.100
demolition.mp4,910,01:03:34.100,01:03:38.933
demolition.mp4,911,01:03:38.933,01:03:43.333
demolition.mp4,912,01:03:43.333,01:03:52.700
demolition.mp4,913,01:03:52.700,01:04:09.233
demolition.mp4,914,01:04:09.233,01:04:24.567
demolition.mp4,915,01:04:24.567,01:04:27.533
demolition.mp4,916,01:04:27.533,01:04:37.467
demolition.mp4,917,01:04:37.467,01:04:42.800
demolition.mp4,918,01:04:42.800,01:04:45.000
demolition.mp4,919,01:04:45.000,01:04:47.267
demolition.mp4,920,01:04:47.267,01:04:50.233
demolition.mp4,921,01:04:50.233,01:04:54.633
demolition.mp4,922,01:04:54.633,01:04:59.733
demolition.mp4,923,01:04:59.733,01:05:06.833
demolition.mp4,924,01:05:06.833,01:05:09.167
demolition.mp4,925,01:05:09.167,01:05:13.067
demolition.mp4,926,01:05:13.067,01:05:29.400
demolition.mp4,927,01:05:29.400,01:05:31.733
demolition.mp4,928,01:05:31.733,01:05:35.800
demolition.mp4,929,01:05:35.800,01:05:55.700
demolition.mp4,930,01:05:55.700,01:06:01.367
demolition.mp4,931,01:06:01.367,01:06:06.800
demolition.mp4,932,01:06:06.800,01:06:09.167
demolition.mp4,933,01:06:09.167,01:06:17.733
demolition.mp4,934,01:06:17.733,01:06:22.067
demolition.mp4,935,01:06:22.067,01:06:26.767
demolition.mp4,936,01:06:26.767,01:06:30.167
demolition.mp4,937,01:06:30.167,01:06:39.300
demolition.mp4,938,01:06:39.300,01:06:42.133
demolition.mp4,939,01:06:42.133,01:06:45.267
demolition.mp4,940,01:06:45.267,01:06:50.600
demolition.mp4,941,01:06:50.600,01:06:52.967
demolition.mp4,942,01:06:52.967,01:07:01.200
demolition.mp4,943,01:07:01.200,01:07:08.567
demolition.mp4,944,01:07:08.567,01:07:12.800
demolition.mp4,945,01:07:12.800,01:07:16.400
demolition.mp4,946,01:07:16.400,01:07:20.933
demolition.mp4,947,01:07:20.933,01:07:25.167
demolition.mp4,948,01:07:25.167,01:07:29.233
demolition.mp4,949,01:07:29.233,01:07:31.300
demolition.mp4,950,01:07:31.300,01:07:34.500
demolition.mp4,951,01:07:34.500,01:07:36.433
demolition.mp4,952,01:07:36.433,01:07:38.467
demolition.mp4,953,01:07:38.467,01:07:42.700
demolition.mp4,954,01:07:42.700,01:07:43.733
demolition.mp4,955,01:07:43.733,01:07:46.533
demolition.mp4,956,01:07:46.533,01:07:49.733
demolition.mp4,957,01:07:49.733,01:07:50.900
demolition.mp4,958,01:07:50.900,01:07:52.400
demolition.mp4,959,01:07:52.400,01:07:56.833
demolition.mp4,960,01:07:56.833,01:07:59.733
demolition.mp4,961,01:07:59.733,01:08:03.467
demolition.mp4,962,01:08:03.467,01:08:04.767
demolition.mp4,963,01:08:04.767,01:08:06.667
demolition.mp4,964,01:08:06.667,01:08:13.933
demolition.mp4,965,01:08:13.933,01:08:18.700
demolition.mp4,966,01:08:18.700,01:08:30.767
demolition.mp4,967,01:08:30.767,01:08:33.933
demolition.mp4,968,01:08:33.933,01:08:36.567
demolition.mp4,969,01:08:36.567,01:08:38.200
demolition.mp4,970,01:08:38.200,01:08:39.967
demolition.mp4,971,01:08:39.967,01:08:46.067
demolition.mp4,972,01:08:46.067,01:08:49.200
demolition.mp4,973,01:08:49.200,01:08:51.833
demolition.mp4,974,01:08:51.833,01:08:53.167
demolition.mp4,975,01:08:53.167,01:08:54.067
demolition.mp4,976,01:08:54.067,01:08:57.633
demolition.mp4,977,01:08:57.633,01:09:01.500
demolition.mp4,978,01:09:01.500,01:09:02.300
demolition.mp4,979,01:09:02.300,01:09:07.333
demolition.mp4,980,01:09:07.333,01:09:09.133
demolition.mp4,981,01:09:09.133,01:09:11.900
demolition.mp4,982,01:09:11.900,01:09:13.300
demolition.mp4,983,01:09:13.300,01:09:19.767
demolition.mp4,984,01:09:19.767,01:09:22.567
demolition.mp4,985,01:09:22.567,01:09:25.233
demolition.mp4,986,01:09:25.233,01:09:28.100
demolition.mp4,987,01:09:28.100,01:09:39.867
demolition.mp4,988,01:09:39.867,01:09:43.500
demolition.mp4,989,01:09:43.500,01:09:49.500
demolition.mp4,990,01:09:49.500,01:09:59.533
demolition.mp4,991,01:09:59.533,01:10:08.600
demolition.mp4,992,01:10:08.600,01:10:12.900
demolition.mp4,993,01:10:12.900,01:10:15.700
demolition.mp4,994,01:10:15.700,01:10:30.933
demolition.mp4,995,01:10:30.933,01:10:37.800
demolition.mp4,996,01:10:37.800,01:10:44.900
demolition.mp4,997,01:10:44.900,01:10:50.067
demolition.mp4,998,01:10:50.067,01:10:56.033
demolition.mp4,999,01:10:56.033,01:11:00.467
demolition.mp4,1000,01:11:00.467,01:11:04.033
demolition.mp4,1001,01:11:04.033,01:11:05.467
demolition.mp4,1002,01:11:05.467,01:11:07.433
demolition.mp4,1003,01:11:07.433,01:11:17.167
demolition.mp4,1004,01:11:17.167,01:11:19.033
demolition.mp4,1005,01:11:19.033,01:11:25.533
demolition.mp4,1006,01:11:25.533,01:11:35.900
demolition.mp4,1007,01:11:35.900,01:11:46.100
demolition.mp4,1008,01:11:46.100,01:11:47.933
demolition.mp4,1009,01:11:47.933,01:11:52.767
demolition.mp4,1010,01:11:52.767,01:11:58.800
demolition.mp4,1011,01:11:58.800,01:12:01.800
demolition.mp4,1012,01:12:01.800,01:12:07.500
demolition.mp4,1013,01:12:07.500,01:12:09.700
demolition.mp4,1014,01:12:09.700,01:12:13.067
demolition.mp4,1015,01:12:13.067,01:12:30.033
demolition.mp4,1016,01:12:30.033,01:12:45.900
demolition.mp4,1017,01:12:45.900,01:12:50.033
demolition.mp4,1018,01:12:50.033,01:13:03.067
demolition.mp4,1019,01:13:03.067,01:13:16.933
demolition.mp4,1020,01:13:16.933,01:13:20.433
demolition.mp4,1021,01:13:20.433,01:13:41.900
demolition.mp4,1022,01:13:41.900,01:13:46.267
demolition.mp4,1023,01:13:46.267,01:13:54.933
demolition.mp4,1024,01:13:54.933,01:13:57.000
demolition.mp4,1025,01:13:57.000,01:14:01.100
demolition.mp4,1026,01:14:01.100,01:14:03.267
demolition.mp4,1027,01:14:03.267,01:14:07.633
demolition.mp4,1028,01:14:07.633,01:14:10.067
demolition.mp4,1029,01:14:10.067,01:14:11.567
demolition.mp4,1030,01:14:11.567,01:14:15.367
demolition.mp4,1031,01:14:15.367,01:14:21.233
demolition.mp4,1032,01:14:21.233,01:14:24.233
demolition.mp4,1033,01:14:24.233,01:14:27.667
demolition.mp4,1034,01:14:27.667,01:14:32.700
demolition.mp4,1035,01:14:32.700,01:14:35.600
demolition.mp4,1036,01:14:35.600,01:14:38.433
demolition.mp4,1037,01:14:38.433,01:14:39.733
demolition.mp4,1038,01:14:39.733,01:14:41.800
demolition.mp4,1039,01:14:41.800,01:14:43.067
demolition.mp4,1040,01:14:43.067,01:14:44.233
demolition.mp4,1041,01:14:44.233,01:14:45.267
demolition.mp4,1042,01:14:45.267,01:14:46.200
demolition.mp4,1043,01:14:46.200,01:14:49.733
demolition.mp4,1044,01:14:49.733,01:14:50.567
demolition.mp4,1045,01:14:50.567,01:14:52.867
demolition.mp4,1046,01:14:52.867,01:14:56.367
demolition.mp4,1047,01:14:56.367,01:14:58.200
demolition.mp4,1048,01:14:58.200,01:14:59.467
demolition.mp4,1049,01:14:59.467,01:15:00.733
demolition.mp4,1050,01:15:00.733,01:15:02.800
demolition.mp4,1051,01:15:02.800,01:15:04.333
demolition.mp4,1052,01:15:04.333,01:15:06.900
demolition.mp4,1053,01:15:06.900,01:15:07.933
demolition.mp4,1054,01:15:07.933,01:15:10.000
demolition.mp4,1055,01:15:10.000,01:15:12.467
demolition.mp4,1056,01:15:12.467,01:15:14.100
demolition.mp4,1057,01:15:14.100,01:15:15.733
demolition.mp4,1058,01:15:15.733,01:15:16.667
demolition.mp4,1059,01:15:16.667,01:15:19.100
demolition.mp4,1060,01:15:19.100,01:15:23.533
demolition.mp4,1061,01:15:23.533,01:15:25.300
demolition.mp4,1062,01:15:25.300,01:15:27.067
demolition.mp4,1063,01:15:27.067,01:15:30.633
demolition.mp4,1064,01:15:30.633,01:15:32.700
demolition.mp4,1065,01:15:32.700,01:15:34.267
demolition.mp4,1066,01:15:34.267,01:15:36.567
demolition.mp4,1067,01:15:36.567,01:15:38.900
demolition.mp4,1068,01:15:38.900,01:15:42.800
demolition.mp4,1069,01:15:42.800,01:15:44.467
demolition.mp4,1070,01:15:44.467,01:15:48.467
demolition.mp4,1071,01:15:48.467,01:15:49.367
demolition.mp4,1072,01:15:49.367,01:15:50.167
demolition.mp4,1073,01:15:50.167,01:15:51.033
demolition.mp4,1074,01:15:51.033,01:15:51.833
demolition.mp4,1075,01:15:51.833,01:15:52.500
demolition.mp4,1076,01:15:52.500,01:15:57.800
demolition.mp4,1077,01:15:57.800,01:16:03.300
demolition.mp4,1078,01:16:03.300,01:16:05.533
demolition.mp4,1079,01:16:05.533,01:16:10.400
demolition.mp4,1080,01:16:10.400,01:16:14.833
demolition.mp4,1081,01:16:14.833,01:16:23.967
demolition.mp4,1082,01:16:23.967,01:16:26.400
demolition.mp4,1083,01:16:26.400,01:16:34.767
demolition.mp4,1084,01:16:34.767,01:16:43.233
demolition.mp4,1085,01:16:43.233,01:16:48.100
demolition.mp4,1086,01:16:48.100,01:16:52.967
demolition.mp4,1087,01:16:52.967,01:16:55.033
demolition.mp4,1088,01:16:55.033,01:17:01.500
demolition.mp4,1089,01:17:01.500,01:17:06.467
demolition.mp4,1090,01:17:06.467,01:17:22.433
demolition.mp4,1091,01:17:22.433,01:17:24.967
demolition.mp4,1092,01:17:24.967,01:17:27.600
demolition.mp4,1093,01:17:27.600,01:17:33.700
demolition.mp4,1094,01:17:33.700,01:17:37.400
demolition.mp4,1095,01:17:37.400,01:17:39.267
demolition.mp4,1096,01:17:39.267,01:17:44.300
demolition.mp4,1097,01:17:44.300,01:17:47.367
demolition.mp4,1098,01:17:47.367,01:17:49.733
demolition.mp4,1099,01:17:49.733,01:17:53.933
demolition.mp4,1100,01:17:53.933,01:18:05.833
demolition.mp4,1101,01:18:05.833,01:18:17.667
demolition.mp4,1102,01:18:17.667,01:18:22.100
demolition.mp4,1103,01:18:22.100,01:18:28.367
demolition.mp4,1104,01:18:28.367,01:18:31.133
demolition.mp4,1105,01:18:31.133,01:18:32.667
demolition.mp4,1106,01:18:32.667,01:18:36.600
demolition.mp4,1107,01:18:36.600,01:18:41.267
demolition.mp4,1108,01:18:41.267,01:18:43.900
demolition.mp4,1109,01:18:43.900,01:18:45.967
demolition.mp4,1110,01:18:45.967,01:18:48.233
demolition.mp4,1111,01:18:48.233,01:18:51.733
demolition.mp4,1112,01:18:51.733,01:18:58.100
demolition.mp4,1113,01:18:58.100,01:19:01.767
demolition.mp4,1114,01:19:01.767,01:19:04.667
demolition.mp4,1115,01:19:04.667,01:19:16.300
demolition.mp4,1116,01:19:16.300,01:19:18.200
demolition.mp4,1117,01:19:18.200,01:19:20.667
demolition.mp4,1118,01:19:20.667,01:19:25.233
demolition.mp4,1119,01:19:25.233,01:19:28.167
demolition.mp4,1120,01:19:28.167,01:19:35.767
demolition.mp4,1121,01:19:35.767,01:19:38.667
demolition.mp4,1122,01:19:38.667,01:19:45.000
demolition.mp4,1123,01:19:45.000,01:19:48.533
demolition.mp4,1124,01:19:48.533,01:19:51.833
demolition.mp4,1125,01:19:51.833,01:19:56.267
demolition.mp4,1126,01:19:56.267,01:19:57.000
demolition.mp4,1127,01:19:57.000,01:20:00.767
demolition.mp4,1128,01:20:00.767,01:20:07.000
demolition.mp4,1129,01:20:07.000,01:20:09.167
demolition.mp4,1130,01:20:09.167,01:20:12.300
demolition.mp4,1131,01:20:12.300,01:20:15.067
demolition.mp4,1132,01:20:15.067,01:20:19.067
demolition.mp4,1133,01:20:19.067,01:20:20.167
demolition.mp4,1134,01:20:20.167,01:20:21.233
demolition.mp4,1135,01:20:21.233,01:20:23.833
demolition.mp4,1136,01:20:23.833,01:20:26.533
demolition.mp4,1137,01:20:26.533,01:20:33.033
demolition.mp4,1138,01:20:33.033,01:20:38.467
demolition.mp4,1139,01:20:38.467,01:20:41.033
demolition.mp4,1140,01:20:41.033,01:20:42.767
demolition.mp4,1141,01:20:42.767,01:20:43.733
demolition.mp4,1142,01:20:43.733,01:20:44.567
demolition.mp4,1143,01:20:44.567,01:20:45.133
demolition.mp4,1144,01:20:45.133,01:20:49.000
demolition.mp4,1145,01:20:49.000,01:20:50.500
demolition.mp4,1146,01:20:50.500,01:20:54.433
demolition.mp4,1147,01:20:54.433,01:20:55.933
demolition.mp4,1148,01:20:55.933,01:20:57.567
demolition.mp4,1149,01:20:57.567,01:20:58.933
demolition.mp4,1150,01:20:58.933,01:21:03.833
demolition.mp4,1151,01:21:03.833,01:21:09.167
demolition.mp4,1152,01:21:09.167,01:21:12.467
demolition.mp4,1153,01:21:12.467,01:21:14.233
demolition.mp4,1154,01:21:14.233,01:21:16.300
demolition.mp4,1155,01:21:16.300,01:21:17.633
demolition.mp4,1156,01:21:17.633,01:21:19.333
demolition.mp4,1157,01:21:19.333,01:21:21.133
demolition.mp4,1158,01:21:21.133,01:21:22.667
demolition.mp4,1159,01:21:22.667,01:21:24.500
demolition.mp4,1160,01:21:24.500,01:21:25.767
demolition.mp4,1161,01:21:25.767,01:21:26.733
demolition.mp4,1162,01:21:26.733,01:21:27.933
demolition.mp4,1163,01:21:27.933,01:21:31.867
demolition.mp4,1164,01:21:31.867,01:21:33.067
demolition.mp4,1165,01:21:33.067,01:21:34.367
demolition.mp4,1166,01:21:34.367,01:21:35.467
demolition.mp4,1167,01:21:35.467,01:21:36.767
demolition.mp4,1168,01:21:36.767,01:21:41.433
demolition.mp4,1169,01:21:41.433,01:21:43.900
demolition.mp4,1170,01:21:43.900,01:21:47.100
demolition.mp4,1171,01:21:47.100,01:21:49.500
demolition.mp4,1172,01:21:49.500,01:21:52.733
demolition.mp4,1173,01:21:52.733,01:21:57.667
demolition.mp4,1174,01:21:57.667,01:22:00.167
demolition.mp4,1175,01:22:00.167,01:22:04.500
demolition.mp4,1176,01:22:04.500,01:22:11.067
demolition.mp4,1177,01:22:11.067,01:22:16.967
demolition.mp4,1178,01:22:16.967,01:22:23.300
demolition.mp4,1179,01:22:23.300,01:22:25.500
demolition.mp4,1180,01:22:25.500,01:22:36.600
demolition.mp4,1181,01:22:36.600,01:22:41.767
demolition.mp4,1182,01:22:41.767,01:22:46.067
demolition.mp4,1183,01:22:46.067,01:22:49.900
demolition.mp4,1184,01:22:49.900,01:22:50.400
demolition.mp4,1185,01:22:50.400,01:22:58.800
demolition.mp4,1186,01:22:58.800,01:23:03.067
demolition.mp4,1187,01:23:03.067,01:23:05.667
demolition.mp4,1188,01:23:05.667,01:23:15.433
demolition.mp4,1189,01:23:15.433,01:23:19.267
demolition.mp4,1190,01:23:19.267,01:23:26.800
demolition.mp4,1191,01:23:26.800,01:23:32.633
demolition.mp4,1192,01:23:32.633,01:23:40.133
demolition.mp4,1193,01:23:40.133,01:23:45.967
demolition.mp4,1194,01:23:45.967,01:23:53.133
demolition.mp4,1195,01:23:53.133,01:23:57.867
demolition.mp4,1196,01:23:57.867,01:24:02.900
demolition.mp4,1197,01:24:02.900,01:24:13.867
demolition.mp4,1198,01:24:13.867,01:24:17.967
demolition.mp4,1199,01:24:17.967,01:24:30.933
demolition.mp4,1200,01:24:30.933,01:24:34.633
demolition.mp4,1201,01:24:34.633,01:24:41.067
demolition.mp4,1202,01:24:41.067,01:24:44.100
demolition.mp4,1203,01:24:44.100,01:24:47.067
demolition.mp4,1204,01:24:47.067,01:24:51.200
demolition.mp4,1205,01:24:51.200,01:24:55.833
demolition.mp4,1206,01:24:55.833,01:25:00.667
demolition.mp4,1207,01:25:00.667,01:25:08.567
demolition.mp4,1208,01:25:08.567,01:25:11.567
demolition.mp4,1209,01:25:11.567,01:25:14.533
demolition.mp4,1210,01:25:14.533,01:25:16.700
demolition.mp4,1211,01:25:16.700,01:25:18.967
demolition.mp4,1212,01:25:18.967,01:25:25.367
demolition.mp4,1213,01:25:25.367,01:25:27.167
demolition.mp4,1214,01:25:27.167,01:25:32.167
demolition.mp4,1215,01:25:32.167,01:25:35.067
demolition.mp4,1216,01:25:35.067,01:25:37.500
demolition.mp4,1217,01:25:37.500,01:25:39.833
demolition.mp4,1218,01:25:39.833,01:25:46.633
demolition.mp4,1219,01:25:46.633,01:25:49.267
demolition.mp4,1220,01:25:49.267,01:25:52.233
demolition.mp4,1221,01:25:52.233,01:25:55.467
demolition.mp4,1222,01:25:55.467,01:25:59.933
demolition.mp4,1223,01:25:59.933,01:26:03.000
demolition.mp4,1224,01:26:03.000,01:26:10.800
demolition.mp4,1225,01:26:10.800,01:26:14.133
demolition.mp4,1226,01:26:14.133,01:26:19.700
demolition.mp4,1227,01:26:19.700,01:26:23.367
demolition.mp4,1228,01:26:23.367,01:26:31.600
demolition.mp4,1229,01:26:31.600,01:26:34.567
demolition.mp4,1230,01:26:34.567,01:26:38.367
demolition.mp4,1231,01:26:38.367,01:26:42.133
demolition.mp4,1232,01:26:42.133,01:26:45.067
demolition.mp4,1233,01:26:45.067,01:26:47.433
demolition.mp4,1234,01:26:47.433,01:26:50.600
demolition.mp4,1235,01:26:50.600,01:26:53.367
demolition.mp4,1236,01:26:53.367,01:26:55.067
demolition.mp4,1237,01:26:55.067,01:26:56.867
demolition.mp4,1238,01:26:56.867,01:26:58.333
demolition.mp4,1239,01:26:58.333,01:26:59.433
demolition.mp4,1240,01:26:59.433,01:27:00.933
demolition.mp4,1241,01:27:00.933,01:27:03.300
demolition.mp4,1242,01:27:03.300,01:27:04.667
demolition.mp4,1243,01:27:04.667,01:27:06.533
demolition.mp4,1244,01:27:06.533,01:27:07.900
demolition.mp4,1245,01:27:07.900,01:27:09.833
demolition.mp4,1246,01:27:09.833,01:27:12.633
demolition.mp4,1247,01:27:12.633,01:27:14.133
demolition.mp4,1248,01:27:14.133,01:27:15.633
demolition.mp4,1249,01:27:15.633,01:27:17.067
demolition.mp4,1250,01:27:17.067,01:27:18.700
demolition.mp4,1251,01:27:18.700,01:27:20.067
demolition.mp4,1252,01:27:20.067,01:27:21.400
demolition.mp4,1253,01:27:21.400,01:27:22.600
demolition.mp4,1254,01:27:22.600,01:27:24.733
demolition.mp4,1255,01:27:24.733,01:27:26.700
demolition.mp4,1256,01:27:26.700,01:27:28.700
demolition.mp4,1257,01:27:28.700,01:27:30.267
demolition.mp4,1258,01:27:30.267,01:27:30.867
demolition.mp4,1259,01:27:30.867,01:27:31.467
demolition.mp4,1260,01:27:31.467,01:27:32.900
demolition.mp4,1261,01:27:32.900,01:27:33.733
demolition.mp4,1262,01:27:33.733,01:27:36.300
demolition.mp4,1263,01:27:36.300,01:27:37.167
demolition.mp4,1264,01:27:37.167,01:27:38.000
demolition.mp4,1265,01:27:38.000,01:27:41.700
demolition.mp4,1266,01:27:41.700,01:27:43.433
demolition.mp4,1267,01:27:43.433,01:27:46.133
demolition.mp4,1268,01:27:46.133,01:27:48.300
demolition.mp4,1269,01:27:48.300,01:27:49.633
demolition.mp4,1270,01:27:49.633,01:27:52.600
demolition.mp4,1271,01:27:52.600,01:27:54.600
demolition.mp4,1272,01:27:54.600,01:27:55.967
demolition.mp4,1273,01:27:55.967,01:28:07.867
demolition.mp4,1274,01:28:07.867,01:28:11.500
demolition.mp4,1275,01:28:11.500,01:28:13.567
demolition.mp4,1276,01:28:13.567,01:28:17.067
demolition.mp4,1277,01:28:17.067,01:28:31.733
demolition.mp4,1278,01:28:31.733,01:28:37.300
demolition.mp4,1279,01:28:37.300,01:28:41.967
demolition.mp4,1280,01:28:41.967,01:28:44.400
demolition.mp4,1281,01:28:44.400,01:28:51.033
demolition.mp4,1282,01:28:51.033,01:28:54.700
demolition.mp4,1283,01:28:54.700,01:29:06.000
demolition.mp4,1284,01:29:06.000,01:29:07.833
demolition.mp4,1285,01:29:07.833,01:29:09.833
demolition.mp4,1286,01:29:09.833,01:29:14.000
demolition.mp4,1287,01:29:14.000,01:29:18.600
demolition.mp4,1288,01:29:18.600,01:29:24.100
demolition.mp4,1289,01:29:24.100,01:29:28.733
demolition.mp4,1290,01:29:28.733,01:29:34.800
demolition.mp4,1291,01:29:34.800,01:29:40.500
demolition.mp4,1292,01:29:40.500,01:29:44.933
demolition.mp4,1293,01:29:44.933,01:30:06.067
demolition.mp4,1294,01:30:06.067,01:30:10.400
demolition.mp4,1295,01:30:10.400,01:30:13.433
demolition.mp4,1296,01:30:13.433,01:30:18.167
demolition.mp4,1297,01:30:18.167,01:30:33.733
demolition.mp4,1298,01:30:33.733,01:30:38.733
demolition.mp4,1299,01:30:38.733,01:30:53.200
demolition.mp4,1300,01:30:53.200,01:30:55.667
demolition.mp4,1301,01:30:55.667,01:31:00.467
demolition.mp4,1302,01:31:00.467,01:31:05.933
demolition.mp4,1303,01:31:05.933,01:31:08.633
demolition.mp4,1304,01:31:08.633,01:31:12.567
demolition.mp4,1305,01:31:12.567,01:31:14.167
demolition.mp4,1306,01:31:14.167,01:31:15.967
demolition.mp4,1307,01:31:15.967,01:31:16.967
demolition.mp4,1308,01:31:16.967,01:31:32.167
demolition.mp4,1309,01:31:32.167,01:31:34.033
demolition.mp4,1310,01:31:34.033,01:31:36.067
demolition.mp4,1311,01:31:36.067,01:31:37.067
demolition.mp4,1312,01:31:37.067,01:31:39.567
demolition.mp4,1313,01:31:39.567,01:31:41.333
demolition.mp4,1314,01:31:41.333,01:31:59.000
demolition.mp4,1315,01:31:59.000,01:32:03.767
demolition.mp4,1316,01:32:03.767,01:32:05.600
demolition.mp4,1317,01:32:05.600,01:32:09.233
demolition.mp4,1318,01:32:09.233,01:32:24.833
demolition.mp4,1319,01:32:24.833,01:32:30.367
demolition.mp4,1320,01:32:30.367,01:32:46.133
demolition.mp4,1321,01:32:46.133,01:32:48.967
demolition.mp4,1322,01:32:48.967,01:32:59.467
demolition.mp4,1323,01:32:59.467,01:33:11.100
demolition.mp4,1324,01:33:11.100,01:33:24.967
demolition.mp4,1325,01:33:24.967,01:33:27.933
demolition.mp4,1326,01:33:27.933,01:33:30.433
demolition.mp4,1327,01:33:30.433,01:33:33.700
demolition.mp4,1328,01:33:33.700,01:33:37.033
demolition.mp4,1329,01:33:37.033,01:33:46.733
demolition.mp4,1330,01:33:46.733,01:33:49.600
demolition.mp4,1331,01:33:49.600,01:33:52.367
demolition.mp4,1332,01:33:52.367,01:33:55.100
demolition.mp4,1333,01:33:55.100,01:33:57.667
demolition.mp4,1334,01:33:57.667,01:34:03.100
demolition.mp4,1335,01:34:03.100,01:34:05.067
demolition.mp4,1336,01:34:05.067,01:34:07.033
demolition.mp4,1337,01:34:07.033,01:34:09.267
demolition.mp4,1338,01:34:09.267,01:34:12.100
demolition.mp4,1339,01:34:12.100,01:34:14.733
demolition.mp4,1340,01:34:14.733,01:34:18.033
demolition.mp4,1341,01:34:18.033,01:34:21.200
demolition.mp4,1342,01:34:21.200,01:34:22.700
demolition.mp4,1343,01:34:22.700,01:34:25.567
demolition.mp4,1344,01:34:25.567,01:34:29.200
demolition.mp4,1345,01:34:29.200,01:34:32.133
demolition.mp4,1346,01:34:32.133,01:34:33.833
demolition.mp4,1347,01:34:33.833,01:34:36.533
demolition.mp4,1348,01:34:36.533,01:34:37.100
demolition.mp4,1349,01:34:37.100,01:34:38.167
demolition.mp4,1350,01:34:38.167,01:34:39.833
demolition.mp4,1351,01:34:39.833,01:34:40.500
demolition.mp4,1352,01:34:40.500,01:34:43.500
demolition.mp4,1353,01:34:43.500,01:34:45.700
demolition.mp4,1354,01:34:45.700,01:34:52.067
demolition.mp4,1355,01:34:52.067,01:34:57.467
demolition.mp4,1356,01:34:57.467,01:35:03.633
demolition.mp4,1357,01:35:03.633,01:35:07.300
demolition.mp4,1358,01:35:07.300,01:35:08.867
demolition.mp4,1359,01:35:08.867,01:35:10.533
demolition.mp4,1360,01:35:10.533,01:35:12.867
demolition.mp4,1361,01:35:12.867,01:35:18.633
demolition.mp4,1362,01:35:18.633,01:35:36.667
demolition.mp4,1363,01:35:36.667,01:35:40.667
demolition.mp4,1364,01:35:40.667,01:35:48.333
demolition.mp4,1365,01:35:48.333,01:35:50.700
demolition.mp4,1366,01:35:50.700,01:35:57.467
demolition.mp4,1367,01:35:57.467,01:35:59.333
demolition.mp4,1368,01:35:59.333,01:36:00.967
demolition.mp4,1369,01:36:00.967,01:36:04.967
demolition.mp4,1370,01:36:04.967,01:36:11.067
demolition.mp4,1371,01:36:11.067,01:36:13.933
demolition.mp4,1372,01:36:13.933,01:36:18.933
demolition.mp4,1373,01:36:18.933,01:36:32.033
demolition.mp4,1374,01:36:32.033,01:36:35.733
demolition.mp4,1375,01:36:35.733,01:36:37.000
demolition.mp4,1376,01:36:37.000,01:36:48.100
